{
    "val_auc_mean": 0.5583688413415985,
    "val_auc_std": 0.0,
    "val_ap_mean": 0.5433039707043099,
    "val_ap_std": 0.0,
    "val_precision_mean": 0.5,
    "val_precision_std": 0.0,
    "val_recall_mean": 1.0,
    "val_recall_std": 0.0,
    "val_f1_mean": 0.6666666666666666,
    "val_f1_std": 0.0,
    "val_hits@10_mean": 0.004250797024442083,
    "val_hits@10_std": 0.0,
    "val_hits@50_mean": 0.07226354941551541,
    "val_hits@50_std": 0.0,
    "val_hits@100_mean": 0.11477151965993623,
    "val_hits@100_std": 0.0,
    "test_auc_mean": 0.5585890652557319,
    "test_auc_std": 0.0,
    "test_ap_mean": 0.5528849440895659,
    "test_ap_std": 0.0,
    "test_precision_mean": 0.5,
    "test_precision_std": 0.0,
    "test_recall_mean": 1.0,
    "test_recall_std": 0.0,
    "test_f1_mean": 0.6666666666666666,
    "test_f1_std": 0.0,
    "test_hits@10_mean": 0.0010582010582010583,
    "test_hits@10_std": 0.0,
    "test_hits@50_mean": 0.09312169312169312,
    "test_hits@50_std": 0.0,
    "test_hits@100_mean": 0.13015873015873017,
    "test_hits@100_std": 0.0
}