{
    "val_auc_mean": 0.5886478648327857,
    "val_auc_std": 0.0,
    "val_ap_mean": 0.567927674571711,
    "val_ap_std": 0.0,
    "val_precision_mean": 0.5709677419354838,
    "val_precision_std": 0.0,
    "val_recall_mean": 0.37619553666312433,
    "val_recall_std": 0.0,
    "val_f1_mean": 0.4535554131966688,
    "val_f1_std": 0.0,
    "val_hits@10_mean": 0.01381509032943677,
    "val_hits@10_std": 0.0,
    "val_hits@50_mean": 0.05100956429330499,
    "val_hits@50_std": 0.0,
    "val_hits@100_mean": 0.15621679064824653,
    "val_hits@100_std": 0.0,
    "test_auc_mean": 0.5646034545505445,
    "test_auc_std": 0.0,
    "test_ap_mean": 0.536415034232257,
    "test_ap_std": 0.0,
    "test_precision_mean": 0.5373376623376623,
    "test_precision_std": 0.0,
    "test_recall_mean": 0.3502645502645503,
    "test_recall_std": 0.0,
    "test_f1_mean": 0.42408712363869316,
    "test_f1_std": 0.0,
    "test_hits@10_mean": 0.008465608465608466,
    "test_hits@10_std": 0.0,
    "test_hits@50_mean": 0.02962962962962963,
    "test_hits@50_std": 0.0,
    "test_hits@100_mean": 0.11005291005291006,
    "test_hits@100_std": 0.0
}