{
    "val_auc_mean": 0.6084907524836785,
    "val_auc_std": 0.053663727528110404,
    "val_ap_mean": 0.5955359562922687,
    "val_ap_std": 0.035937160836333186,
    "val_precision_mean": 0.5436331015524575,
    "val_precision_std": 0.04051945393153259,
    "val_recall_mean": 0.8233793836344315,
    "val_recall_std": 0.053008989884648916,
    "val_f1_mean": 0.6525911165591888,
    "val_f1_std": 0.02276189018838876,
    "val_hits@10_mean": 0.0,
    "val_hits@10_std": 0.0,
    "val_hits@50_mean": 0.06354941551540913,
    "val_hits@50_std": 0.052275298722240335,
    "val_hits@100_mean": 0.14282678002125399,
    "val_hits@100_std": 0.07721546761209741,
    "test_auc_mean": 0.5948096637832088,
    "test_auc_std": 0.05886282939888866,
    "test_ap_mean": 0.5763243630724701,
    "test_ap_std": 0.045819853447711396,
    "test_precision_mean": 0.5441350550585347,
    "test_precision_std": 0.040979852197623214,
    "test_recall_mean": 0.824973544973545,
    "test_recall_std": 0.04958256361912293,
    "test_f1_mean": 0.6534486077071282,
    "test_f1_std": 0.02142202170256126,
    "test_hits@10_mean": 0.0,
    "test_hits@10_std": 0.0,
    "test_hits@50_mean": 0.053121693121693125,
    "test_hits@50_std": 0.04410248898245454,
    "test_hits@100_mean": 0.11534391534391535,
    "test_hits@100_std": 0.09427615317409398
}