{
    "val_auc_mean": 0.9740106320141759,
    "val_auc_std": 0.0,
    "val_ap_mean": 0.999984463656392,
    "val_ap_std": 0.0,
    "val_hits@10_mean": 0.9793266391021854,
    "val_hits@10_std": 0.0,
    "val_hits@50_mean": 0.9793266391021854,
    "val_hits@50_std": 0.0,
    "val_hits@100_mean": 0.9793266391021854,
    "val_hits@100_std": 0.0,
    "test_auc_mean": 0.9235085646780863,
    "test_auc_std": 0.0,
    "test_ap_mean": 0.9999529500411103,
    "test_ap_std": 0.0,
    "test_hits@10_mean": 0.9527466036621383,
    "test_hits@10_std": 0.0,
    "test_hits@50_mean": 0.9527466036621383,
    "test_hits@50_std": 0.0,
    "test_hits@100_mean": 0.9527466036621383,
    "test_hits@100_std": 0.0
}