{
    "val_auc_mean": 0.6036803725884576,
    "val_auc_std": 0.0,
    "val_ap_mean": 0.5349269998153865,
    "val_ap_std": 0.0,
    "val_precision_mean": 0.5337876206700738,
    "val_precision_std": 0.0,
    "val_recall_mean": 0.9989373007438895,
    "val_recall_std": 0.0,
    "val_f1_mean": 0.695780903034789,
    "val_f1_std": 0.0,
    "val_hits@10_mean": 0.0,
    "val_hits@10_std": 0.0,
    "val_hits@50_mean": 0.0,
    "val_hits@50_std": 0.0,
    "val_hits@100_mean": 0.0,
    "val_hits@100_std": 0.0,
    "test_auc_mean": 0.6225357632765041,
    "test_auc_std": 0.0,
    "test_ap_mean": 0.5506374363730329,
    "test_ap_std": 0.0,
    "test_precision_mean": 0.5339750849377124,
    "test_precision_std": 0.0,
    "test_recall_mean": 0.9978835978835979,
    "test_recall_std": 0.0,
    "test_f1_mean": 0.6956842493544817,
    "test_f1_std": 0.0,
    "test_hits@10_mean": 0.0,
    "test_hits@10_std": 0.0,
    "test_hits@50_mean": 0.0,
    "test_hits@50_std": 0.0,
    "test_hits@100_mean": 0.0,
    "test_hits@100_std": 0.0
}