{
    "val_auc_mean": 0.4882783966398831,
    "val_auc_std": 0.11697750493947526,
    "val_ap_mean": 0.4938255267499704,
    "val_ap_std": 0.07995517723407976,
    "val_precision_mean": 0.2968011539651062,
    "val_precision_std": 0.19917526293527463,
    "val_recall_mean": 0.3641891891891892,
    "val_recall_std": 0.4233602837723701,
    "val_f1_mean": 0.2891606298001951,
    "val_f1_std": 0.3034860908311001,
    "val_hits@10_mean": 0.006756756756756757,
    "val_hits@10_std": 0.008809732980003579,
    "val_hits@50_mean": 0.09527027027027027,
    "val_hits@50_std": 0.12704499585387868,
    "val_hits@100_mean": 0.3168918918918919,
    "val_hits@100_std": 0.16373672502076594,
    "test_auc_mean": 0.453607788531775,
    "test_auc_std": 0.12383846631689067,
    "test_ap_mean": 0.48271221744704285,
    "test_ap_std": 0.08338806667710079,
    "test_precision_mean": 0.26344479510007834,
    "test_precision_std": 0.2075415228266934,
    "test_recall_mean": 0.3493243243243243,
    "test_recall_std": 0.41300091882238876,
    "test_f1_mean": 0.2749522296832114,
    "test_f1_std": 0.29579142864574276,
    "test_hits@10_mean": 0.002702702702702703,
    "test_hits@10_std": 0.00393983236138196,
    "test_hits@50_mean": 0.08581081081081081,
    "test_hits@50_std": 0.11750930522811191,
    "test_hits@100_mean": 0.24324324324324326,
    "test_hits@100_std": 0.16587803434763684
}