{
    "val_auc_mean": 0.6600708800945068,
    "val_auc_std": 0.0,
    "val_ap_mean": 0.9997560230465266,
    "val_ap_std": 0.0,
    "val_hits@10_mean": 0.6804489072652097,
    "val_hits@10_std": 0.0,
    "val_hits@50_mean": 0.6804489072652097,
    "val_hits@50_std": 0.0,
    "val_hits@100_mean": 0.6804489072652097,
    "val_hits@100_std": 0.0,
    "test_auc_mean": 0.48080330773774366,
    "test_auc_std": 0.0,
    "test_ap_mean": 0.9995345089474766,
    "test_ap_std": 0.0,
    "test_hits@10_mean": 0.6438275251033668,
    "test_hits@10_std": 0.0,
    "test_hits@50_mean": 0.6438275251033668,
    "test_hits@50_std": 0.0,
    "test_hits@100_mean": 0.6438275251033668,
    "test_hits@100_std": 0.0
}