{
    "val_auc_mean": 0.977259303012404,
    "val_auc_std": 0.0,
    "val_ap_mean": 0.9999863230471773,
    "val_ap_std": 0.0,
    "val_hits@10_mean": 0.9988186650915535,
    "val_hits@10_std": 0.0,
    "val_hits@50_mean": 0.9988186650915535,
    "val_hits@50_std": 0.0,
    "val_hits@100_mean": 0.9988186650915535,
    "val_hits@100_std": 0.0,
    "test_auc_mean": 0.9279385705847608,
    "test_auc_std": 0.0,
    "test_ap_mean": 0.9999559925986181,
    "test_ap_std": 0.0,
    "test_hits@10_mean": 0.9373892498523332,
    "test_hits@10_std": 0.0,
    "test_hits@50_mean": 0.9373892498523332,
    "test_hits@50_std": 0.0,
    "test_hits@100_mean": 0.9373892498523332,
    "test_hits@100_std": 0.0
}