{
    "val_auc_mean": 0.4486053342759472,
    "val_auc_std": 0.0,
    "val_ap_mean": 0.4650702416331886,
    "val_ap_std": 0.0,
    "val_precision_mean": 0.5,
    "val_precision_std": 0.0,
    "val_recall_mean": 1.0,
    "val_recall_std": 0.0,
    "val_f1_mean": 0.6666666666666666,
    "val_f1_std": 0.0,
    "val_hits@10_mean": 0.01700318809776833,
    "val_hits@10_std": 0.0,
    "val_hits@50_mean": 0.03400637619553666,
    "val_hits@50_std": 0.0,
    "val_hits@100_mean": 0.05100956429330499,
    "val_hits@100_std": 0.0,
    "test_auc_mean": 0.4433487304386776,
    "test_auc_std": 0.0,
    "test_ap_mean": 0.4530149178958166,
    "test_ap_std": 0.0,
    "test_precision_mean": 0.5,
    "test_precision_std": 0.0,
    "test_recall_mean": 1.0,
    "test_recall_std": 0.0,
    "test_f1_mean": 0.6666666666666666,
    "test_f1_std": 0.0,
    "test_hits@10_mean": 0.010582010582010581,
    "test_hits@10_std": 0.0,
    "test_hits@50_mean": 0.027513227513227514,
    "test_hits@50_std": 0.0,
    "test_hits@100_mean": 0.05502645502645503,
    "test_hits@100_std": 0.0
}