{
    "val_auc_mean": 0.9979326639102186,
    "val_auc_std": 0.0,
    "val_ap_mean": 0.9999987786331166,
    "val_ap_std": 0.0,
    "val_hits@10_mean": 0.9988186650915535,
    "val_hits@10_std": 0.0,
    "val_hits@50_mean": 0.9988186650915535,
    "val_hits@50_std": 0.0,
    "val_hits@100_mean": 0.9988186650915535,
    "val_hits@100_std": 0.0,
    "test_auc_mean": 0.9923213230950975,
    "test_auc_std": 0.0,
    "test_ap_mean": 0.9999954524460755,
    "test_ap_std": 0.0,
    "test_hits@10_mean": 0.9964559952746603,
    "test_hits@10_std": 0.0,
    "test_hits@50_mean": 0.9964559952746603,
    "test_hits@50_std": 0.0,
    "test_hits@100_mean": 0.9964559952746603,
    "test_hits@100_std": 0.0
}