{
    "val_auc_mean": 0.591379148733852,
    "val_auc_std": 0.0,
    "val_ap_mean": 0.5442213676340253,
    "val_ap_std": 0.0,
    "val_precision_mean": 0.5,
    "val_precision_std": 0.0,
    "val_recall_mean": 1.0,
    "val_recall_std": 0.0,
    "val_f1_mean": 0.6666666666666666,
    "val_f1_std": 0.0,
    "val_hits@10_mean": 0.0010626992561105207,
    "val_hits@10_std": 0.0,
    "val_hits@50_mean": 0.06482465462274177,
    "val_hits@50_std": 0.0,
    "val_hits@100_mean": 0.1030818278427205,
    "val_hits@100_std": 0.0,
    "test_auc_mean": 0.603962934968226,
    "test_auc_std": 0.0,
    "test_ap_mean": 0.5537528259204217,
    "test_ap_std": 0.0,
    "test_precision_mean": 0.5,
    "test_precision_std": 0.0,
    "test_recall_mean": 1.0,
    "test_recall_std": 0.0,
    "test_f1_mean": 0.6666666666666666,
    "test_f1_std": 0.0,
    "test_hits@10_mean": 0.0010582010582010583,
    "test_hits@10_std": 0.0,
    "test_hits@50_mean": 0.06772486772486773,
    "test_hits@50_std": 0.0,
    "test_hits@100_mean": 0.11851851851851852,
    "test_hits@100_std": 0.0
}