{
    "val_auc_mean": 0.5791681884587291,
    "val_auc_std": 0.07263549134694959,
    "val_ap_mean": 0.5683469596837151,
    "val_ap_std": 0.06483352669153764,
    "val_precision_mean": 0.5115303744042007,
    "val_precision_std": 0.15273605230246168,
    "val_recall_mean": 0.41418918918918923,
    "val_recall_std": 0.304006002209017,
    "val_f1_mean": 0.4131836295597339,
    "val_f1_std": 0.23870935951085284,
    "val_hits@10_mean": 0.010810810810810811,
    "val_hits@10_std": 0.008384914625669497,
    "val_hits@50_mean": 0.19594594594594594,
    "val_hits@50_std": 0.15266383145533788,
    "val_hits@100_mean": 0.5141891891891891,
    "val_hits@100_std": 0.14212336332128192,
    "test_auc_mean": 0.5857583089846603,
    "test_auc_std": 0.07785835448304446,
    "test_ap_mean": 0.5513793096292119,
    "test_ap_std": 0.05798965652331651,
    "test_precision_mean": 0.4703519334555703,
    "test_precision_std": 0.20636666820871263,
    "test_recall_mean": 0.4168918918918919,
    "test_recall_std": 0.33667095779159034,
    "test_f1_mean": 0.4026970254389924,
    "test_f1_std": 0.2716678579348571,
    "test_hits@10_mean": 0.002702702702702703,
    "test_hits@10_std": 0.0033101212740313216,
    "test_hits@50_mean": 0.14932432432432435,
    "test_hits@50_std": 0.1774134425110952,
    "test_hits@100_mean": 0.5344594594594595,
    "test_hits@100_std": 0.17250782051062644
}