{
    "val_auc_mean": 0.5029255286110035,
    "val_auc_std": 0.010745717378248967,
    "val_ap_mean": 0.5009843273906327,
    "val_ap_std": 0.006311677074492574,
    "val_precision_mean": 0.5016088376175254,
    "val_precision_std": 0.0022110910668011532,
    "val_recall_mean": 1.0,
    "val_recall_std": 0.0,
    "val_f1_mean": 0.6680923300724838,
    "val_f1_std": 0.0019574295479243813,
    "val_hits@10_mean": 0.0,
    "val_hits@10_std": 0.0,
    "val_hits@50_mean": 0.0,
    "val_hits@50_std": 0.0,
    "val_hits@100_mean": 0.0,
    "val_hits@100_std": 0.0,
    "test_auc_mean": 0.5003702024019484,
    "test_auc_std": 0.015250145455689116,
    "test_ap_mean": 0.4994496554086254,
    "test_ap_std": 0.009112713966368402,
    "test_precision_mean": 0.5018147293940053,
    "test_precision_std": 0.002164433481973292,
    "test_recall_mean": 1.0,
    "test_recall_std": 0.0,
    "test_f1_mean": 0.6682750485105553,
    "test_f1_std": 0.001916275362178497,
    "test_hits@10_mean": 0.0,
    "test_hits@10_std": 0.0,
    "test_hits@50_mean": 0.0,
    "test_hits@50_std": 0.0,
    "test_hits@100_mean": 0.0,
    "test_hits@100_std": 0.0
}