{
    "val_auc_mean": 0.7609282412609644,
    "val_auc_std": 0.0,
    "val_ap_mean": 0.7819729372567341,
    "val_ap_std": 0.0,
    "val_precision_mean": 0.7464324917672887,
    "val_precision_std": 0.0,
    "val_recall_mean": 0.722635494155154,
    "val_recall_std": 0.0,
    "val_f1_mean": 0.734341252699784,
    "val_f1_std": 0.0,
    "val_hits@10_mean": 0.09670563230605739,
    "val_hits@10_std": 0.0,
    "val_hits@50_mean": 0.3188097768331562,
    "val_hits@50_std": 0.0,
    "val_hits@100_mean": 0.5292242295430393,
    "val_hits@100_std": 0.0,
    "test_auc_mean": 0.7223834719072814,
    "test_auc_std": 0.0,
    "test_ap_mean": 0.739137093370315,
    "test_ap_std": 0.0,
    "test_precision_mean": 0.726457399103139,
    "test_precision_std": 0.0,
    "test_recall_mean": 0.6857142857142857,
    "test_recall_std": 0.0,
    "test_f1_mean": 0.7054980947196516,
    "test_f1_std": 0.0,
    "test_hits@10_mean": 0.07407407407407407,
    "test_hits@10_std": 0.0,
    "test_hits@50_mean": 0.23915343915343915,
    "test_hits@50_std": 0.0,
    "test_hits@100_mean": 0.43492063492063493,
    "test_hits@100_std": 0.0
}