{
    "val_auc_mean": 0.6481464572680788,
    "val_auc_std": 0.13717383430551688,
    "val_ap_mean": 0.6433718305540566,
    "val_ap_std": 0.13051863667204855,
    "val_precision_mean": 0.5679785308101082,
    "val_precision_std": 0.074160715119247,
    "val_recall_mean": 0.8141891891891893,
    "val_recall_std": 0.140306457863972,
    "val_f1_mean": 0.6608034495215076,
    "val_f1_std": 0.06462195169470132,
    "val_hits@10_mean": 0.07567567567567568,
    "val_hits@10_std": 0.07858198158950458,
    "val_hits@50_mean": 0.41418918918918923,
    "val_hits@50_std": 0.20704360952570985,
    "val_hits@100_mean": 0.5587837837837838,
    "val_hits@100_std": 0.1713154323338505,
    "test_auc_mean": 0.6207074050401753,
    "test_auc_std": 0.15105200455767737,
    "test_ap_mean": 0.6201906012288694,
    "test_ap_std": 0.1412846314003618,
    "test_precision_mean": 0.5647220875465391,
    "test_precision_std": 0.0926685450191731,
    "test_recall_mean": 0.8432432432432432,
    "test_recall_std": 0.16171955362551446,
    "test_f1_mean": 0.6700158137658135,
    "test_f1_std": 0.09825030415070123,
    "test_hits@10_mean": 0.075,
    "test_hits@10_std": 0.09071181863155897,
    "test_hits@50_mean": 0.3493243243243243,
    "test_hits@50_std": 0.21500505370587222,
    "test_hits@100_mean": 0.5256756756756756,
    "test_hits@100_std": 0.21113756727678476
}