{
    "val_auc_mean": 0.5897814530419374,
    "val_auc_std": 0.0,
    "val_ap_mean": 0.999607555862204,
    "val_ap_std": 0.0,
    "val_hits@10_mean": 0.8812758417011223,
    "val_hits@10_std": 0.0,
    "val_hits@50_mean": 0.8812758417011223,
    "val_hits@50_std": 0.0,
    "val_hits@100_mean": 0.8812758417011223,
    "val_hits@100_std": 0.0,
    "test_auc_mean": 0.504134672179563,
    "test_auc_std": 0.0,
    "test_ap_mean": 0.9995944293975992,
    "test_ap_std": 0.0,
    "test_hits@10_mean": 0.5623154164205553,
    "test_hits@10_std": 0.0,
    "test_hits@50_mean": 0.5623154164205553,
    "test_hits@50_std": 0.0,
    "test_hits@100_mean": 0.5623154164205553,
    "test_hits@100_std": 0.0
}