{
    "val_auc_mean": 0.9970466627288836,
    "val_auc_std": 0.0,
    "val_ap_mean": 0.9999982544236263,
    "val_ap_std": 0.0,
    "val_hits@10_mean": 0.9982279976373302,
    "val_hits@10_std": 0.0,
    "val_hits@50_mean": 0.9982279976373302,
    "val_hits@50_std": 0.0,
    "val_hits@100_mean": 0.9982279976373302,
    "val_hits@100_std": 0.0,
    "test_auc_mean": 0.90253987005316,
    "test_auc_std": 0.0,
    "test_ap_mean": 0.9999396903406743,
    "test_ap_std": 0.0,
    "test_hits@10_mean": 0.9143532191376255,
    "test_hits@10_std": 0.0,
    "test_hits@50_mean": 0.9143532191376255,
    "test_hits@50_std": 0.0,
    "test_hits@100_mean": 0.9143532191376255,
    "test_hits@100_std": 0.0
}