{
    "val_auc_mean": 0.5222219685902119,
    "val_auc_std": 0.19875943267159732,
    "val_ap_mean": 0.5323849182106234,
    "val_ap_std": 0.11928665430675024,
    "val_precision_mean": 0.5120478025342081,
    "val_precision_std": 0.10871266080055245,
    "val_recall_mean": 0.6351351351351351,
    "val_recall_std": 0.30705724061464296,
    "val_f1_mean": 0.5474858435166272,
    "val_f1_std": 0.21013982862169345,
    "val_hits@10_mean": 0.01283783783783784,
    "val_hits@10_std": 0.013580913001514717,
    "val_hits@50_mean": 0.18986486486486487,
    "val_hits@50_std": 0.13708725154498422,
    "val_hits@100_mean": 0.39121621621621616,
    "val_hits@100_std": 0.2673866437181567,
    "test_auc_mean": 0.5230528670562455,
    "test_auc_std": 0.21544153527648838,
    "test_ap_mean": 0.5401553906506706,
    "test_ap_std": 0.135553492172057,
    "test_precision_mean": 0.4806416259228998,
    "test_precision_std": 0.1703616012882353,
    "test_recall_mean": 0.6337837837837837,
    "test_recall_std": 0.3335443391072239,
    "test_f1_mean": 0.5328321243635086,
    "test_f1_std": 0.24815202237677533,
    "test_hits@10_mean": 0.02635135135135135,
    "test_hits@10_std": 0.04286149061392893,
    "test_hits@50_mean": 0.20337837837837838,
    "test_hits@50_std": 0.17725897740141036,
    "test_hits@100_mean": 0.36081081081081084,
    "test_hits@100_std": 0.2872170058916049
}