{
    "val_auc_mean": 0.51806475802417,
    "val_auc_std": 0.0,
    "val_ap_mean": 0.5092243180526469,
    "val_ap_std": 0.0,
    "val_precision_mean": 0.5010649627263046,
    "val_precision_std": 0.0,
    "val_recall_mean": 1.0,
    "val_recall_std": 0.0,
    "val_f1_mean": 0.6676126285916992,
    "val_f1_std": 0.0,
    "val_hits@10_mean": 0.0,
    "val_hits@10_std": 0.0,
    "val_hits@50_mean": 0.0,
    "val_hits@50_std": 0.0,
    "val_hits@100_mean": 0.0,
    "val_hits@100_std": 0.0,
    "test_auc_mean": 0.5248766831835615,
    "test_auc_std": 0.0,
    "test_ap_mean": 0.5127604066147785,
    "test_ap_std": 0.0,
    "test_precision_mean": 0.5010604453870625,
    "test_precision_std": 0.0,
    "test_recall_mean": 1.0,
    "test_recall_std": 0.0,
    "test_f1_mean": 0.6676086188625927,
    "test_f1_std": 0.0,
    "test_hits@10_mean": 0.0,
    "test_hits@10_std": 0.0,
    "test_hits@50_mean": 0.0,
    "test_hits@50_std": 0.0,
    "test_hits@100_mean": 0.0,
    "test_hits@100_std": 0.0
}