{
    "val_auc_mean": 0.5509536624727126,
    "val_auc_std": 0.0,
    "val_ap_mean": 0.5670237472208459,
    "val_ap_std": 0.0,
    "val_precision_mean": 0.5,
    "val_precision_std": 0.0,
    "val_recall_mean": 1.0,
    "val_recall_std": 0.0,
    "val_f1_mean": 0.6666666666666666,
    "val_f1_std": 0.0,
    "val_hits@10_mean": 0.0010626992561105207,
    "val_hits@10_std": 0.0,
    "val_hits@50_mean": 0.077577045696068,
    "val_hits@50_std": 0.0,
    "val_hits@100_mean": 0.20722635494155153,
    "val_hits@100_std": 0.0,
    "test_auc_mean": 0.5396041544189693,
    "test_auc_std": 0.0,
    "test_ap_mean": 0.5688302985106072,
    "test_ap_std": 0.0,
    "test_precision_mean": 0.5,
    "test_precision_std": 0.0,
    "test_recall_mean": 1.0,
    "test_recall_std": 0.0,
    "test_f1_mean": 0.6666666666666666,
    "test_f1_std": 0.0,
    "test_hits@10_mean": 0.0010582010582010583,
    "test_hits@10_std": 0.0,
    "test_hits@50_mean": 0.12275132275132275,
    "test_hits@50_std": 0.0,
    "test_hits@100_mean": 0.20846560846560847,
    "test_hits@100_std": 0.0
}