{
    "val_auc_mean": 0.9822799763733019,
    "val_auc_std": 0.0,
    "val_ap_mean": 0.9999894136114507,
    "val_ap_std": 0.0,
    "val_hits@10_mean": 0.9982279976373302,
    "val_hits@10_std": 0.0,
    "val_hits@50_mean": 0.9982279976373302,
    "val_hits@50_std": 0.0,
    "val_hits@100_mean": 0.9982279976373302,
    "val_hits@100_std": 0.0,
    "test_auc_mean": 0.9678086237448316,
    "test_auc_std": 0.0,
    "test_ap_mean": 0.9999808247513657,
    "test_ap_std": 0.0,
    "test_hits@10_mean": 0.9746012994683992,
    "test_hits@10_std": 0.0,
    "test_hits@50_mean": 0.9746012994683992,
    "test_hits@50_std": 0.0,
    "test_hits@100_mean": 0.9746012994683992,
    "test_hits@100_std": 0.0
}