{
    "val_auc_mean": 0.5014602233136568,
    "val_auc_std": 0.0,
    "val_ap_mean": 0.5008003554073333,
    "val_ap_std": 0.0,
    "val_precision_mean": 0.5002658160552897,
    "val_precision_std": 0.0,
    "val_recall_mean": 1.0,
    "val_recall_std": 0.0,
    "val_f1_mean": 0.6669029057406095,
    "val_f1_std": 0.0,
    "val_hits@10_mean": 0.0,
    "val_hits@10_std": 0.0,
    "val_hits@50_mean": 0.0,
    "val_hits@50_std": 0.0,
    "val_hits@100_mean": 0.0,
    "val_hits@100_std": 0.0,
    "test_auc_mean": 0.5093390442596792,
    "test_auc_std": 0.0,
    "test_ap_mean": 0.5048922301465079,
    "test_ap_std": 0.0,
    "test_precision_mean": 0.5002646903123346,
    "test_precision_std": 0.0,
    "test_recall_mean": 1.0,
    "test_recall_std": 0.0,
    "test_f1_mean": 0.6669019054340155,
    "test_f1_std": 0.0,
    "test_hits@10_mean": 0.0,
    "test_hits@10_std": 0.0,
    "test_hits@50_mean": 0.0,
    "test_hits@50_std": 0.0,
    "test_hits@100_mean": 0.0,
    "test_hits@100_std": 0.0
}